timestamp,chiller1_power_kw,chiller2_power_kw
2024-03-01 00:00:00,148.5,135.7
2024-03-01 00:05:00,149.1,133.5
2024-03-01 00:10:00,147.8,141.5
2024-03-01 00:15:00,143.2,138.8
2024-03-01 00:20:00,148.3,140.7
2024-03-01 00:25:00,150.7,144.0
2024-03-01 00:30:00,151.9,147.3
2024-03-01 00:35:00,152.5,144.6
2024-03-01 00:40:00,155.4,147.6
2024-03-01 00:45:00,157.2,145.1
2024-03-01 00:50:00,162.1,146.8
2024-03-01 00:55:00,159.5,155.6
2024-03-01 01:00:00,162.2,151.0
2024-03-01 01:05:00,164.4,150.4
2024-03-01 01:10:00,159.5,152.4
2024-03-01 01:15:00,169.4,154.7
2024-03-01 01:20:00,165.8,154.3
2024-03-01 01:25:00,170.5,154.1
2024-03-01 01:30:00,174.8,152.3
2024-03-01 01:35:00,158.5,162.6
2024-03-01 01:40:00,172.2,156.3
2024-03-01 01:45:00,179.5,160.0
2024-03-01 01:50:00,179.6,162.6
2024-03-01 01:55:00,177.2,161.8
2024-03-01 02:00:00,173.7,165.2
2024-03-01 02:05:00,176.4,166.7
2024-03-01 02:10:00,174.6,162.9
2024-03-01 02:15:00,180.5,166.8
2024-03-01 02:20:00,178.8,165.8
2024-03-01 02:25:00,190.4,169.9
2024-03-01 02:30:00,185.8,174.4
2024-03-01 02:35:00,185.6,173.8
2024-03-01 02:40:00,185.7,183.1
2024-03-01 02:45:00,,166.1
2024-03-01 02:50:00,187.1,174.8
2024-03-01 02:55:00,192.8,175.1
2024-03-01 03:00:00,185.5,177.9
2024-03-01 03:05:00,192.8,184.8
2024-03-01 03:10:00,192.4,184.4
2024-03-01 03:15:00,192.4,180.5
2024-03-01 03:20:00,197.2,180.7
2024-03-01 03:25:00,200.1,186.2
2024-03-01 03:30:00,194.0,188.2
2024-03-01 03:35:00,193.3,188.6
2024-03-01 03:40:00,203.7,186.7
2024-03-01 03:45:00,197.3,188.0
2024-03-01 03:50:00,203.6,188.9
2024-03-01 03:55:00,200.4,196.8
2024-03-01 04:00:00,203.4,187.2
2024-03-01 04:05:00,210.4,195.5
2024-03-01 04:10:00,208.7,191.2
2024-03-01 04:15:00,208.8,203.2
2024-03-01 04:20:00,213.6,199.9
2024-03-01 04:25:00,211.8,194.9
2024-03-01 04:30:00,209.8,202.5
2024-03-01 04:35:00,222.6,198.9
2024-03-01 04:40:00,215.2,202.2
2024-03-01 04:45:00,219.1,205.3
2024-03-01 04:50:00,221.5,200.7
2024-03-01 04:55:00,219.4,198.0
2024-03-01 05:00:00,220.2,206.3
2024-03-01 05:05:00,214.3,206.7
2024-03-01 05:10:00,222.1,209.8
2024-03-01 05:15:00,222.0,219.2
2024-03-01 05:20:00,213.4,211.0
2024-03-01 05:25:00,226.2,206.1
2024-03-01 05:30:00,226.9,209.7
2024-03-01 05:35:00,227.2,213.4
2024-03-01 05:40:00,220.9,217.0
2024-03-01 05:45:00,229.3,204.4
2024-03-01 05:50:00,229.5,211.6
2024-03-01 05:55:00,224.7,217.2
2024-03-01 06:00:00,235.4,217.5
2024-03-01 06:05:00,223.6,208.6
2024-03-01 06:10:00,232.0,215.9
2024-03-01 06:15:00,229.4,225.0
2024-03-01 06:20:00,236.8,220.8
2024-03-01 06:25:00,230.8,221.5
2024-03-01 06:30:00,231.1,216.4
2024-03-01 06:35:00,218.9,217.2
2024-03-01 06:40:00,229.7,215.9
2024-03-01 06:45:00,230.4,220.8
2024-03-01 06:50:00,236.2,224.0
2024-03-01 06:55:00,246.2,219.8
2024-03-01 07:00:00,235.4,221.7
2024-03-01 07:05:00,232.0,220.9
2024-03-01 07:10:00,242.3,227.3
2024-03-01 07:15:00,231.1,218.5
2024-03-01 07:20:00,240.1,226.5
2024-03-01 07:25:00,243.2,224.0
2024-03-01 07:30:00,239.0,222.8
2024-03-01 07:35:00,234.9,223.1
2024-03-01 07:40:00,234.3,224.9
2024-03-01 07:45:00,237.5,226.0
2024-03-01 07:50:00,228.7,224.3
2024-03-01 07:55:00,240.6,221.6
2024-03-01 08:00:00,241.2,226.3
2024-03-01 08:05:00,240.8,215.0
2024-03-01 08:10:00,241.1,219.7
2024-03-01 08:15:00,246.5,229.1
2024-03-01 08:20:00,234.1,222.0
2024-03-01 08:25:00,241.5,223.5
2024-03-01 08:30:00,234.2,232.0
2024-03-01 08:35:00,240.1,224.8
2024-03-01 08:40:00,248.3,223.3
2024-03-01 08:45:00,244.2,218.9
2024-03-01 08:50:00,235.2,225.6
2024-03-01 08:55:00,231.2,221.5
2024-03-01 09:00:00,240.6,221.3
2024-03-01 09:05:00,241.3,
2024-03-01 09:10:00,239.3,
2024-03-01 09:15:00,230.8,226.0
2024-03-01 09:20:00,230.3,228.8
2024-03-01 09:25:00,235.9,223.6
2024-03-01 09:30:00,237.7,225.3
2024-03-01 09:35:00,239.2,225.5
2024-03-01 09:40:00,240.1,218.9
2024-03-01 09:45:00,232.6,217.4
2024-03-01 09:50:00,230.3,226.5
2024-03-01 09:55:00,232.7,226.0
2024-03-01 10:00:00,234.8,213.2
2024-03-01 10:05:00,236.7,221.5
2024-03-01 10:10:00,237.2,214.6
2024-03-01 10:15:00,237.5,219.3
2024-03-01 10:20:00,233.5,220.5
2024-03-01 10:25:00,230.9,221.3
2024-03-01 10:30:00,230.0,216.3
2024-03-01 10:35:00,232.8,215.3
2024-03-01 10:40:00,232.5,216.6
2024-03-01 10:45:00,232.2,213.9
2024-03-01 10:50:00,230.9,214.5
2024-03-01 10:55:00,219.5,207.7
2024-03-01 11:00:00,223.9,
2024-03-01 11:05:00,219.6,214.8
2024-03-01 11:10:00,226.8,207.7
2024-03-01 11:15:00,224.4,212.6
2024-03-01 11:20:00,224.1,207.1
2024-03-01 11:25:00,221.1,207.2
2024-03-01 11:30:00,222.3,207.2
2024-03-01 11:35:00,220.3,203.0
2024-03-01 11:40:00,226.6,199.6
2024-03-01 11:45:00,210.9,206.1
2024-03-01 11:50:00,215.6,207.7
2024-03-01 11:55:00,213.0,204.6
2024-03-01 12:00:00,212.4,203.5
2024-03-01 12:05:00,211.4,200.2
2024-03-01 12:10:00,220.5,
2024-03-01 12:15:00,209.3,204.2
2024-03-01 12:20:00,208.7,196.9
2024-03-01 12:25:00,208.5,197.2
2024-03-01 12:30:00,200.0,191.8
2024-03-01 12:35:00,204.2,196.2
2024-03-01 12:40:00,207.9,193.3
2024-03-01 12:45:00,209.8,189.4
2024-03-01 12:50:00,201.3,191.7
2024-03-01 12:55:00,201.0,190.0
2024-03-01 13:00:00,196.7,190.2
2024-03-01 13:05:00,188.1,185.6
2024-03-01 13:10:00,192.1,185.1
2024-03-01 13:15:00,194.8,190.3
2024-03-01 13:20:00,200.9,188.7
2024-03-01 13:25:00,187.0,185.9
2024-03-01 13:30:00,191.9,180.5
2024-03-01 13:35:00,190.5,176.7
2024-03-01 13:40:00,186.2,177.5
2024-03-01 13:45:00,194.3,173.4
2024-03-01 13:50:00,188.2,176.2
2024-03-01 13:55:00,185.0,176.2
2024-03-01 14:00:00,183.5,175.6
2024-03-01 14:05:00,188.5,168.3
2024-03-01 14:10:00,181.8,173.6
2024-03-01 14:15:00,181.0,172.1
2024-03-01 14:20:00,180.0,167.4
2024-03-01 14:25:00,168.0,168.0
2024-03-01 14:30:00,183.0,164.2
2024-03-01 14:35:00,178.4,166.3
2024-03-01 14:40:00,173.8,167.5
2024-03-01 14:45:00,170.5,164.8
2024-03-01 14:50:00,167.8,161.5
2024-03-01 14:55:00,168.8,164.3
2024-03-01 15:00:00,168.2,161.2
2024-03-01 15:05:00,164.8,156.5
2024-03-01 15:10:00,173.1,154.6
2024-03-01 15:15:00,157.6,157.0
2024-03-01 15:20:00,166.8,152.6
2024-03-01 15:25:00,164.0,145.9
2024-03-01 15:30:00,160.7,158.5
2024-03-01 15:35:00,154.5,147.0
2024-03-01 15:40:00,155.7,153.1
2024-03-01 15:45:00,157.3,151.7
2024-03-01 15:50:00,148.9,149.0
2024-03-01 15:55:00,160.0,149.8
2024-03-01 16:00:00,147.1,144.9
2024-03-01 16:05:00,153.7,143.9
2024-03-01 16:10:00,147.0,138.7
2024-03-01 16:15:00,152.5,145.7
2024-03-01 16:20:00,150.2,142.0
2024-03-01 16:25:00,146.6,143.2
2024-03-01 16:30:00,143.8,139.7
2024-03-01 16:35:00,145.9,136.0
2024-03-01 16:40:00,145.5,135.7
2024-03-01 16:45:00,143.4,139.3
2024-03-01 16:50:00,144.6,134.3
2024-03-01 16:55:00,137.4,133.2
2024-03-01 17:00:00,135.2,124.7
2024-03-01 17:05:00,140.4,131.2
2024-03-01 17:10:00,139.6,131.8
2024-03-01 17:15:00,140.6,133.6
2024-03-01 17:20:00,135.8,130.3
2024-03-01 17:25:00,131.3,128.5
2024-03-01 17:30:00,133.0,121.8
2024-03-01 17:35:00,138.5,127.4
2024-03-01 17:40:00,131.6,125.2
2024-03-01 17:45:00,135.1,121.1
2024-03-01 17:50:00,141.2,125.5
2024-03-01 17:55:00,128.8,120.7
2024-03-01 18:00:00,131.6,122.5
2024-03-01 18:05:00,131.8,122.4
2024-03-01 18:10:00,127.8,120.3
2024-03-01 18:15:00,129.1,120.8
2024-03-01 18:20:00,121.8,114.7
2024-03-01 18:25:00,127.3,117.4
2024-03-01 18:30:00,132.7,
2024-03-01 18:35:00,122.6,120.2
2024-03-01 18:40:00,123.6,118.8
2024-03-01 18:45:00,116.2,117.7
2024-03-01 18:50:00,123.6,118.4
2024-03-01 18:55:00,123.2,118.2
2024-03-01 19:00:00,134.8,115.6
2024-03-01 19:05:00,128.8,115.7
2024-03-01 19:10:00,,114.6
2024-03-01 19:15:00,118.9,116.7
2024-03-01 19:20:00,123.1,110.4
2024-03-01 19:25:00,126.1,113.5
2024-03-01 19:30:00,127.3,117.3
2024-03-01 19:35:00,119.0,115.8
2024-03-01 19:40:00,119.0,111.5
2024-03-01 19:45:00,120.8,116.3
2024-03-01 19:50:00,117.4,119.2
2024-03-01 19:55:00,118.9,113.0
2024-03-01 20:00:00,125.9,111.0
2024-03-01 20:05:00,120.2,106.9
2024-03-01 20:10:00,112.3,113.2
2024-03-01 20:15:00,120.0,115.0
2024-03-01 20:20:00,124.9,108.7
2024-03-01 20:25:00,118.0,116.1
2024-03-01 20:30:00,122.0,108.3
2024-03-01 20:35:00,119.7,107.0
2024-03-01 20:40:00,122.8,118.1
2024-03-01 20:45:00,118.0,109.3
2024-03-01 20:50:00,120.2,117.3
2024-03-01 20:55:00,120.3,106.4
2024-03-01 21:00:00,124.1,116.3
2024-03-01 21:05:00,119.5,115.6
2024-03-01 21:10:00,121.0,116.1
2024-03-01 21:15:00,125.8,118.0
2024-03-01 21:20:00,125.2,117.9
2024-03-01 21:25:00,119.8,114.7
2024-03-01 21:30:00,119.3,113.6
2024-03-01 21:35:00,120.9,117.7
2024-03-01 21:40:00,122.7,117.7
2024-03-01 21:45:00,127.3,116.0
2024-03-01 21:50:00,123.3,118.6
2024-03-01 21:55:00,132.9,116.3
2024-03-01 22:00:00,121.5,121.4
2024-03-01 22:05:00,126.7,122.7
2024-03-01 22:10:00,122.8,120.4
2024-03-01 22:15:00,128.6,120.5
2024-03-01 22:20:00,130.2,123.3
2024-03-01 22:25:00,126.4,116.6
2024-03-01 22:30:00,128.5,122.8
2024-03-01 22:35:00,128.2,121.3
2024-03-01 22:40:00,137.3,129.2
2024-03-01 22:45:00,133.9,128.1
2024-03-01 22:50:00,130.6,120.7
2024-03-01 22:55:00,131.4,125.6
2024-03-01 23:00:00,140.2,122.9
2024-03-01 23:05:00,130.6,132.6
2024-03-01 23:10:00,139.6,123.6
2024-03-01 23:15:00,134.7,129.5
2024-03-01 23:20:00,136.8,126.7
2024-03-01 23:25:00,136.9,136.8
2024-03-01 23:30:00,141.5,133.4
2024-03-01 23:35:00,139.6,135.8
2024-03-01 23:40:00,143.5,135.5
2024-03-01 23:45:00,146.0,138.0
2024-03-01 23:50:00,145.4,137.6
2024-03-01 23:55:00,152.5,136.8
2024-03-02 00:00:00,147.0,133.1
2024-03-02 00:05:00,149.7,139.4
2024-03-02 00:10:00,154.3,139.0
2024-03-02 00:15:00,148.8,136.9
2024-03-02 00:20:00,154.0,134.9
2024-03-02 00:25:00,145.7,143.6
2024-03-02 00:30:00,150.1,138.7
2024-03-02 00:35:00,149.2,142.4
2024-03-02 00:40:00,145.5,147.9
2024-03-02 00:45:00,149.3,150.4
2024-03-02 00:50:00,157.3,149.2
2024-03-02 00:55:00,155.7,146.6
2024-03-02 01:00:00,156.4,154.2
2024-03-02 01:05:00,158.6,154.8
2024-03-02 01:10:00,166.0,153.0
2024-03-02 01:15:00,169.0,155.3
2024-03-02 01:20:00,161.7,155.5
2024-03-02 01:25:00,173.3,152.8
2024-03-02 01:30:00,171.4,155.2
2024-03-02 01:35:00,165.8,160.9
2024-03-02 01:40:00,167.3,161.5
2024-03-02 01:45:00,165.2,166.0
2024-03-02 01:50:00,174.8,159.6
2024-03-02 01:55:00,172.5,167.7
2024-03-02 02:00:00,172.3,166.9
2024-03-02 02:05:00,176.8,172.4
2024-03-02 02:10:00,177.1,167.8
2024-03-02 02:15:00,175.6,168.5
2024-03-02 02:20:00,180.2,171.7
2024-03-02 02:25:00,195.4,176.1
2024-03-02 02:30:00,187.9,175.0
2024-03-02 02:35:00,176.5,176.9
2024-03-02 02:40:00,186.2,179.2
2024-03-02 02:45:00,183.9,178.2
2024-03-02 02:50:00,191.5,183.3
2024-03-02 02:55:00,191.8,179.2
2024-03-02 03:00:00,195.0,180.8
2024-03-02 03:05:00,194.2,187.1
2024-03-02 03:10:00,198.9,187.6
2024-03-02 03:15:00,196.4,179.5
2024-03-02 03:20:00,192.6,185.6
2024-03-02 03:25:00,196.1,185.4
2024-03-02 03:30:00,197.4,191.2
2024-03-02 03:35:00,202.6,186.9
2024-03-02 03:40:00,199.4,191.0
2024-03-02 03:45:00,199.5,187.8
2024-03-02 03:50:00,202.6,190.4
2024-03-02 03:55:00,202.7,189.0
2024-03-02 04:00:00,213.5,197.4
2024-03-02 04:05:00,205.0,195.1
2024-03-02 04:10:00,200.7,201.9
2024-03-02 04:15:00,212.7,194.4
2024-03-02 04:20:00,213.3,198.1
2024-03-02 04:25:00,206.2,201.0
2024-03-02 04:30:00,215.5,196.9
2024-03-02 04:35:00,209.7,210.8
2024-03-02 04:40:00,215.2,204.9
2024-03-02 04:45:00,217.5,200.9
2024-03-02 04:50:00,215.6,206.2
2024-03-02 04:55:00,211.9,201.7
2024-03-02 05:00:00,212.0,207.4
2024-03-02 05:05:00,215.2,212.2
2024-03-02 05:10:00,225.3,202.8
2024-03-02 05:15:00,220.7,203.8
2024-03-02 05:20:00,223.4,212.1
2024-03-02 05:25:00,224.4,211.6
2024-03-02 05:30:00,227.7,210.3
2024-03-02 05:35:00,223.1,214.6
2024-03-02 05:40:00,226.7,204.6
2024-03-02 05:45:00,228.8,212.7
2024-03-02 05:50:00,234.5,218.0
2024-03-02 05:55:00,226.6,215.3
2024-03-02 06:00:00,232.8,213.2
2024-03-02 06:05:00,221.5,216.9
2024-03-02 06:10:00,230.4,220.2
2024-03-02 06:15:00,231.7,215.2
2024-03-02 06:20:00,231.6,222.5
2024-03-02 06:25:00,234.1,220.5
2024-03-02 06:30:00,236.8,221.7
2024-03-02 06:35:00,231.5,216.9
2024-03-02 06:40:00,236.5,218.9
2024-03-02 06:45:00,229.9,217.9
2024-03-02 06:50:00,232.0,227.8
2024-03-02 06:55:00,236.5,227.4
2024-03-02 07:00:00,231.3,228.6
2024-03-02 07:05:00,242.0,224.5
2024-03-02 07:10:00,232.4,228.6
2024-03-02 07:15:00,234.4,220.1
2024-03-02 07:20:00,237.2,224.3
2024-03-02 07:25:00,241.4,222.5
2024-03-02 07:30:00,239.2,219.8
2024-03-02 07:35:00,237.8,227.3
2024-03-02 07:40:00,241.6,220.8
2024-03-02 07:45:00,239.2,229.9
2024-03-02 07:50:00,233.9,221.3
2024-03-02 07:55:00,236.7,231.9
2024-03-02 08:00:00,246.6,222.4
2024-03-02 08:05:00,245.0,225.2
2024-03-02 08:10:00,243.9,230.8
2024-03-02 08:15:00,237.4,225.2
2024-03-02 08:20:00,238.7,225.6
2024-03-02 08:25:00,238.7,229.9
2024-03-02 08:30:00,249.5,228.9
2024-03-02 08:35:00,241.3,222.2
2024-03-02 08:40:00,240.7,225.7
2024-03-02 08:45:00,233.5,221.4
2024-03-02 08:50:00,,220.3
2024-03-02 08:55:00,241.4,237.9
2024-03-02 09:00:00,249.0,224.2
2024-03-02 09:05:00,240.9,222.4
2024-03-02 09:10:00,245.4,220.7
2024-03-02 09:15:00,239.3,224.8
2024-03-02 09:20:00,237.2,223.1
2024-03-02 09:25:00,234.9,226.6
2024-03-02 09:30:00,238.9,218.4
2024-03-02 09:35:00,229.8,225.0
2024-03-02 09:40:00,238.0,219.8
2024-03-02 09:45:00,240.0,220.3
2024-03-02 09:50:00,228.0,221.6
2024-03-02 09:55:00,234.8,229.0
2024-03-02 10:00:00,235.7,219.6
2024-03-02 10:05:00,237.7,219.6
2024-03-02 10:10:00,226.5,216.0
2024-03-02 10:15:00,227.8,219.5
2024-03-02 10:20:00,233.7,220.3
2024-03-02 10:25:00,231.7,213.7
2024-03-02 10:30:00,232.6,219.1
2024-03-02 10:35:00,230.7,216.4
2024-03-02 10:40:00,226.4,212.8
2024-03-02 10:45:00,224.8,218.4
2024-03-02 10:50:00,226.2,220.7
2024-03-02 10:55:00,225.6,214.2
2024-03-02 11:00:00,217.0,208.7
2024-03-02 11:05:00,212.1,206.3
2024-03-02 11:10:00,224.4,219.3
2024-03-02 11:15:00,226.3,209.6
2024-03-02 11:20:00,223.6,206.0
2024-03-02 11:25:00,220.3,201.3
2024-03-02 11:30:00,227.0,205.6
2024-03-02 11:35:00,217.2,209.4
2024-03-02 11:40:00,210.8,204.0
2024-03-02 11:45:00,222.2,206.9
2024-03-02 11:50:00,211.6,206.1
2024-03-02 11:55:00,209.0,202.7
2024-03-02 12:00:00,217.9,202.3
2024-03-02 12:05:00,213.8,207.2
2024-03-02 12:10:00,209.2,195.0
2024-03-02 12:15:00,202.9,202.0
2024-03-02 12:20:00,211.8,197.1
2024-03-02 12:25:00,202.4,193.8
2024-03-02 12:30:00,202.9,195.0
2024-03-02 12:35:00,199.6,193.0
2024-03-02 12:40:00,203.8,191.2
2024-03-02 12:45:00,205.8,191.1
2024-03-02 12:50:00,200.3,187.4
2024-03-02 12:55:00,199.1,189.3
2024-03-02 13:00:00,192.5,190.7
2024-03-02 13:05:00,198.6,189.9
2024-03-02 13:10:00,196.7,182.9
2024-03-02 13:15:00,194.3,184.8
2024-03-02 13:20:00,190.9,178.8
2024-03-02 13:25:00,188.0,184.0
2024-03-02 13:30:00,187.7,181.7
2024-03-02 13:35:00,196.5,175.0
2024-03-02 13:40:00,196.4,178.5
2024-03-02 13:45:00,189.8,180.1
2024-03-02 13:50:00,190.6,171.0
2024-03-02 13:55:00,182.2,175.0
2024-03-02 14:00:00,186.4,167.0
2024-03-02 14:05:00,183.9,168.8
2024-03-02 14:10:00,177.8,172.5
2024-03-02 14:15:00,178.9,169.4
2024-03-02 14:20:00,187.0,167.5
2024-03-02 14:25:00,182.8,164.1
2024-03-02 14:30:00,171.0,164.9
2024-03-02 14:35:00,173.0,166.3
2024-03-02 14:40:00,170.7,158.2
2024-03-02 14:45:00,174.9,163.3
2024-03-02 14:50:00,172.0,166.4
2024-03-02 14:55:00,172.5,156.1
2024-03-02 15:00:00,175.7,160.5
2024-03-02 15:05:00,161.6,162.4
2024-03-02 15:10:00,157.5,160.9
2024-03-02 15:15:00,165.2,158.5
2024-03-02 15:20:00,167.7,161.4
2024-03-02 15:25:00,161.5,156.1
2024-03-02 15:30:00,161.4,149.4
2024-03-02 15:35:00,150.1,156.8
2024-03-02 15:40:00,163.1,147.5
2024-03-02 15:45:00,157.8,150.0
2024-03-02 15:50:00,151.5,145.7
2024-03-02 15:55:00,160.0,148.4
2024-03-02 16:00:00,153.6,154.2
2024-03-02 16:05:00,155.1,142.0
2024-03-02 16:10:00,150.0,140.7
2024-03-02 16:15:00,147.4,149.0
2024-03-02 16:20:00,153.1,135.7
2024-03-02 16:25:00,148.9,136.8
2024-03-02 16:30:00,147.4,140.6
2024-03-02 16:35:00,142.4,134.9
2024-03-02 16:40:00,144.6,134.0
2024-03-02 16:45:00,144.0,133.6
2024-03-02 16:50:00,141.2,135.9
2024-03-02 16:55:00,142.5,130.3
2024-03-02 17:00:00,141.1,132.7
2024-03-02 17:05:00,138.8,128.3
2024-03-02 17:10:00,130.9,132.2
2024-03-02 17:15:00,130.7,128.8
2024-03-02 17:20:00,132.9,131.0
2024-03-02 17:25:00,135.6,125.1
2024-03-02 17:30:00,131.3,124.1
2024-03-02 17:35:00,133.2,135.4
2024-03-02 17:40:00,136.6,121.7
2024-03-02 17:45:00,137.4,125.4
2024-03-02 17:50:00,141.3,128.9
2024-03-02 17:55:00,133.1,129.5
2024-03-02 18:00:00,126.8,122.9
2024-03-02 18:05:00,141.4,121.4
2024-03-02 18:10:00,124.3,120.8
2024-03-02 18:15:00,123.3,125.0
2024-03-02 18:20:00,127.0,119.9
2024-03-02 18:25:00,131.9,116.4
2024-03-02 18:30:00,120.7,123.2
2024-03-02 18:35:00,129.7,113.0
2024-03-02 18:40:00,119.5,116.8
2024-03-02 18:45:00,124.3,118.4
2024-03-02 18:50:00,125.7,116.0
2024-03-02 18:55:00,122.1,119.2
2024-03-02 19:00:00,125.7,117.5
2024-03-02 19:05:00,127.7,117.8
2024-03-02 19:10:00,121.6,116.7
2024-03-02 19:15:00,118.3,111.9
2024-03-02 19:20:00,125.6,115.5
2024-03-02 19:25:00,115.9,113.8
2024-03-02 19:30:00,124.5,117.9
2024-03-02 19:35:00,122.0,112.1
2024-03-02 19:40:00,126.2,118.0
2024-03-02 19:45:00,115.2,117.2
2024-03-02 19:50:00,117.7,117.1
2024-03-02 19:55:00,121.1,114.9
2024-03-02 20:00:00,124.6,114.8
2024-03-02 20:05:00,122.3,119.3
2024-03-02 20:10:00,121.1,108.4
2024-03-02 20:15:00,115.5,110.7
2024-03-02 20:20:00,124.6,119.6
2024-03-02 20:25:00,122.5,117.0
2024-03-02 20:30:00,123.1,115.7
2024-03-02 20:35:00,114.2,108.8
2024-03-02 20:40:00,115.5,112.8
2024-03-02 20:45:00,119.1,115.9
2024-03-02 20:50:00,118.7,116.3
2024-03-02 20:55:00,125.2,115.2
2024-03-02 21:00:00,121.1,108.9
2024-03-02 21:05:00,128.2,110.8
2024-03-02 21:10:00,124.4,108.2
2024-03-02 21:15:00,112.1,112.3
2024-03-02 21:20:00,123.3,116.8
2024-03-02 21:25:00,122.1,120.7
2024-03-02 21:30:00,116.9,117.7
2024-03-02 21:35:00,121.8,115.7
2024-03-02 21:40:00,119.8,115.1
2024-03-02 21:45:00,124.4,118.1
2024-03-02 21:50:00,132.6,111.5
2024-03-02 21:55:00,118.2,112.8
2024-03-02 22:00:00,119.2,118.7
2024-03-02 22:05:00,128.5,116.9
2024-03-02 22:10:00,128.8,119.9
2024-03-02 22:15:00,123.6,119.4
2024-03-02 22:20:00,132.4,112.3
2024-03-02 22:25:00,134.0,118.0
2024-03-02 22:30:00,130.5,120.9
2024-03-02 22:35:00,128.8,127.3
2024-03-02 22:40:00,130.1,119.6
2024-03-02 22:45:00,131.5,116.7
2024-03-02 22:50:00,131.4,123.0
2024-03-02 22:55:00,137.6,127.0
2024-03-02 23:00:00,135.7,128.4
2024-03-02 23:05:00,130.8,131.6
2024-03-02 23:10:00,142.6,130.2
2024-03-02 23:15:00,139.7,131.9
2024-03-02 23:20:00,141.1,129.9
2024-03-02 23:25:00,134.8,136.1
2024-03-02 23:30:00,137.4,129.4
2024-03-02 23:35:00,140.6,133.6
2024-03-02 23:40:00,135.8,129.0
2024-03-02 23:45:00,,136.4
2024-03-02 23:50:00,142.8,134.0
2024-03-02 23:55:00,142.9,133.1
2024-03-03 00:00:00,142.9,141.5
2024-03-03 00:05:00,145.6,137.3
2024-03-03 00:10:00,149.9,143.1
2024-03-03 00:15:00,147.2,134.9
2024-03-03 00:20:00,147.7,141.5
2024-03-03 00:25:00,151.6,142.5
2024-03-03 00:30:00,155.3,134.7
2024-03-03 00:35:00,155.1,144.4
2024-03-03 00:40:00,150.4,142.9
2024-03-03 00:45:00,159.4,147.4
2024-03-03 00:50:00,160.6,148.3
2024-03-03 00:55:00,157.5,147.9
2024-03-03 01:00:00,161.4,150.4
2024-03-03 01:05:00,161.9,149.5
2024-03-03 01:10:00,161.2,150.7
2024-03-03 01:15:00,163.7,158.0
2024-03-03 01:20:00,162.2,156.7
2024-03-03 01:25:00,170.8,153.6
2024-03-03 01:30:00,164.7,161.5
2024-03-03 01:35:00,179.2,156.1
2024-03-03 01:40:00,168.3,160.6
2024-03-03 01:45:00,171.9,162.5
2024-03-03 01:50:00,169.5,157.3
2024-03-03 01:55:00,179.2,163.5
2024-03-03 02:00:00,170.9,163.6
2024-03-03 02:05:00,179.0,161.2
2024-03-03 02:10:00,180.4,168.2
2024-03-03 02:15:00,174.9,168.8
2024-03-03 02:20:00,175.9,178.5
2024-03-03 02:25:00,180.9,169.9
2024-03-03 02:30:00,175.9,166.6
2024-03-03 02:35:00,188.6,174.0
2024-03-03 02:40:00,184.4,176.4
2024-03-03 02:45:00,187.5,175.5
2024-03-03 02:50:00,193.0,176.1
2024-03-03 02:55:00,190.1,177.0
2024-03-03 03:00:00,188.0,182.5
2024-03-03 03:05:00,196.9,178.4
2024-03-03 03:10:00,195.2,181.1
2024-03-03 03:15:00,192.0,176.8
2024-03-03 03:20:00,190.5,180.6
2024-03-03 03:25:00,193.5,187.3
2024-03-03 03:30:00,199.0,189.1
2024-03-03 03:35:00,203.6,185.6
2024-03-03 03:40:00,196.2,189.5
2024-03-03 03:45:00,199.3,196.2
2024-03-03 03:50:00,206.0,185.8
2024-03-03 03:55:00,203.8,189.2
2024-03-03 04:00:00,203.0,196.2
2024-03-03 04:05:00,209.5,192.7
2024-03-03 04:10:00,205.6,189.4
2024-03-03 04:15:00,207.7,194.1
2024-03-03 04:20:00,211.9,199.4
2024-03-03 04:25:00,205.4,195.0
2024-03-03 04:30:00,214.4,196.3
2024-03-03 04:35:00,212.7,197.6
2024-03-03 04:40:00,219.4,190.7
2024-03-03 04:45:00,212.5,204.7
2024-03-03 04:50:00,223.7,200.7
2024-03-03 04:55:00,,197.3
2024-03-03 05:00:00,214.8,208.1
2024-03-03 05:05:00,227.1,205.2
2024-03-03 05:10:00,222.2,210.5
2024-03-03 05:15:00,219.7,206.6
2024-03-03 05:20:00,227.4,213.8
2024-03-03 05:25:00,222.4,207.0
2024-03-03 05:30:00,225.7,214.9
2024-03-03 05:35:00,221.7,215.1
2024-03-03 05:40:00,228.8,213.6
2024-03-03 05:45:00,226.2,213.1
2024-03-03 05:50:00,225.0,219.3
2024-03-03 05:55:00,229.0,214.4
2024-03-03 06:00:00,235.5,219.8
2024-03-03 06:05:00,,213.5
2024-03-03 06:10:00,227.3,216.1
2024-03-03 06:15:00,230.0,209.4
2024-03-03 06:20:00,232.3,218.1
2024-03-03 06:25:00,236.1,219.6
2024-03-03 06:30:00,227.4,218.3
2024-03-03 06:35:00,237.1,217.8
2024-03-03 06:40:00,235.6,213.9
2024-03-03 06:45:00,232.9,215.3
2024-03-03 06:50:00,237.9,221.5
2024-03-03 06:55:00,241.5,220.9
2024-03-03 07:00:00,236.4,223.4
2024-03-03 07:05:00,235.8,225.9
2024-03-03 07:10:00,233.8,223.0
2024-03-03 07:15:00,231.2,220.0
2024-03-03 07:20:00,233.9,220.3
2024-03-03 07:25:00,241.5,227.6
2024-03-03 07:30:00,238.6,226.5
2024-03-03 07:35:00,238.8,225.5
2024-03-03 07:40:00,243.0,235.1
2024-03-03 07:45:00,237.0,226.2
2024-03-03 07:50:00,237.9,228.9
2024-03-03 07:55:00,242.3,223.9
2024-03-03 08:00:00,237.1,0.0
2024-03-03 08:05:00,239.3,0.0
2024-03-03 08:10:00,249.3,0.0
2024-03-03 08:15:00,240.9,0.0
2024-03-03 08:20:00,233.0,0.0
2024-03-03 08:25:00,238.6,0.0
2024-03-03 08:30:00,238.8,0.0
2024-03-03 08:35:00,236.4,0.0
2024-03-03 08:40:00,233.1,0.0
2024-03-03 08:45:00,240.5,0.0
2024-03-03 08:50:00,245.6,0.0
2024-03-03 08:55:00,238.0,0.0
2024-03-03 09:00:00,238.2,0.0
2024-03-03 09:05:00,233.5,0.0
2024-03-03 09:10:00,235.3,0.0
2024-03-03 09:15:00,234.7,0.0
2024-03-03 09:20:00,228.4,0.0
2024-03-03 09:25:00,244.7,0.0
2024-03-03 09:30:00,233.4,0.0
2024-03-03 09:35:00,239.1,0.0
2024-03-03 09:40:00,239.5,0.0
2024-03-03 09:45:00,232.2,0.0
2024-03-03 09:50:00,231.1,0.0
2024-03-03 09:55:00,235.3,0.0
2024-03-03 10:00:00,226.3,0.0
2024-03-03 10:05:00,233.7,0.0
2024-03-03 10:10:00,229.9,0.0
2024-03-03 10:15:00,234.3,0.0
2024-03-03 10:20:00,217.5,0.0
2024-03-03 10:25:00,229.8,0.0
2024-03-03 10:30:00,225.3,0.0
2024-03-03 10:35:00,229.3,0.0
2024-03-03 10:40:00,227.8,0.0
2024-03-03 10:45:00,226.8,0.0
2024-03-03 10:50:00,224.6,0.0
2024-03-03 10:55:00,229.5,0.0
2024-03-03 11:00:00,224.9,0.0
2024-03-03 11:05:00,219.5,0.0
2024-03-03 11:10:00,226.4,0.0
2024-03-03 11:15:00,221.5,0.0
2024-03-03 11:20:00,226.6,0.0
2024-03-03 11:25:00,,0.0
2024-03-03 11:30:00,224.1,0.0
2024-03-03 11:35:00,218.8,0.0
2024-03-03 11:40:00,221.6,0.0
2024-03-03 11:45:00,221.5,0.0
2024-03-03 11:50:00,213.0,0.0
2024-03-03 11:55:00,220.4,0.0
2024-03-03 12:00:00,214.8,0.0
2024-03-03 12:05:00,209.0,0.0
2024-03-03 12:10:00,215.1,0.0
2024-03-03 12:15:00,213.6,0.0
2024-03-03 12:20:00,213.6,0.0
2024-03-03 12:25:00,212.4,0.0
2024-03-03 12:30:00,198.2,0.0
2024-03-03 12:35:00,205.7,0.0
2024-03-03 12:40:00,210.2,0.0
2024-03-03 12:45:00,200.4,0.0
2024-03-03 12:50:00,199.8,0.0
2024-03-03 12:55:00,196.5,0.0
2024-03-03 13:00:00,199.2,0.0
2024-03-03 13:05:00,194.8,0.0
2024-03-03 13:10:00,196.3,0.0
2024-03-03 13:15:00,191.0,0.0
2024-03-03 13:20:00,191.0,0.0
2024-03-03 13:25:00,193.0,0.0
2024-03-03 13:30:00,190.6,0.0
2024-03-03 13:35:00,190.2,0.0
2024-03-03 13:40:00,192.3,0.0
2024-03-03 13:45:00,187.5,0.0
2024-03-03 13:50:00,191.3,0.0
2024-03-03 13:55:00,176.9,0.0
2024-03-03 14:00:00,181.2,174.7
2024-03-03 14:05:00,188.6,172.6
2024-03-03 14:10:00,180.7,172.6
2024-03-03 14:15:00,183.3,169.5
2024-03-03 14:20:00,178.5,168.7
2024-03-03 14:25:00,172.3,170.7
2024-03-03 14:30:00,178.8,168.7
2024-03-03 14:35:00,173.9,172.7
2024-03-03 14:40:00,177.1,163.3
2024-03-03 14:45:00,170.5,164.3
2024-03-03 14:50:00,167.7,165.4
2024-03-03 14:55:00,161.6,164.6
2024-03-03 15:00:00,173.0,159.6
2024-03-03 15:05:00,167.6,158.9
2024-03-03 15:10:00,163.3,155.6
2024-03-03 15:15:00,160.3,155.7
2024-03-03 15:20:00,164.1,153.2
2024-03-03 15:25:00,158.0,151.6
2024-03-03 15:30:00,153.4,156.1
2024-03-03 15:35:00,158.2,142.9
2024-03-03 15:40:00,152.1,147.9
2024-03-03 15:45:00,152.4,143.2
2024-03-03 15:50:00,150.4,145.6
2024-03-03 15:55:00,152.4,147.6
2024-03-03 16:00:00,155.5,147.4
2024-03-03 16:05:00,146.3,147.7
2024-03-03 16:10:00,148.9,141.1
2024-03-03 16:15:00,150.8,143.6
2024-03-03 16:20:00,149.0,149.3
2024-03-03 16:25:00,154.3,139.3
2024-03-03 16:30:00,152.0,138.8
2024-03-03 16:35:00,146.2,136.3
2024-03-03 16:40:00,141.6,137.8
2024-03-03 16:45:00,143.6,
2024-03-03 16:50:00,140.7,129.3
2024-03-03 16:55:00,145.5,131.7
2024-03-03 17:00:00,142.4,131.1
2024-03-03 17:05:00,145.0,128.6
2024-03-03 17:10:00,137.4,128.1
2024-03-03 17:15:00,136.1,124.7
2024-03-03 17:20:00,136.4,138.2
2024-03-03 17:25:00,137.4,130.7
2024-03-03 17:30:00,141.2,124.2
2024-03-03 17:35:00,134.0,132.8
2024-03-03 17:40:00,134.9,115.6
2024-03-03 17:45:00,128.5,123.5
2024-03-03 17:50:00,132.1,115.6
2024-03-03 17:55:00,126.2,125.4
2024-03-03 18:00:00,130.3,122.4
2024-03-03 18:05:00,138.9,120.6
2024-03-03 18:10:00,129.3,125.6
2024-03-03 18:15:00,123.9,117.3
2024-03-03 18:20:00,124.0,124.7
2024-03-03 18:25:00,131.5,116.7
2024-03-03 18:30:00,129.6,123.3
2024-03-03 18:35:00,123.1,111.9
2024-03-03 18:40:00,122.8,119.8
2024-03-03 18:45:00,122.7,
2024-03-03 18:50:00,119.3,116.5
2024-03-03 18:55:00,120.2,118.3
2024-03-03 19:00:00,118.4,115.2
2024-03-03 19:05:00,119.0,116.0
2024-03-03 19:10:00,118.2,122.3
2024-03-03 19:15:00,120.1,117.6
2024-03-03 19:20:00,127.0,111.4
2024-03-03 19:25:00,122.3,116.2
2024-03-03 19:30:00,120.1,120.7
2024-03-03 19:35:00,121.0,112.6
2024-03-03 19:40:00,117.8,117.4
2024-03-03 19:45:00,122.1,117.8
2024-03-03 19:50:00,116.4,109.9
2024-03-03 19:55:00,116.9,116.2
2024-03-03 20:00:00,118.6,113.6
2024-03-03 20:05:00,121.9,111.9
2024-03-03 20:10:00,119.1,118.7
2024-03-03 20:15:00,119.4,112.2
2024-03-03 20:20:00,117.2,115.6
2024-03-03 20:25:00,122.1,113.5
2024-03-03 20:30:00,124.2,113.1
2024-03-03 20:35:00,116.6,104.4
2024-03-03 20:40:00,108.6,105.6
2024-03-03 20:45:00,120.1,111.7
2024-03-03 20:50:00,,106.8
2024-03-03 20:55:00,119.6,
2024-03-03 21:00:00,125.2,110.2
2024-03-03 21:05:00,120.8,116.0
2024-03-03 21:10:00,117.9,115.1
2024-03-03 21:15:00,121.2,110.5
2024-03-03 21:20:00,120.2,118.0
2024-03-03 21:25:00,127.7,111.9
2024-03-03 21:30:00,120.5,117.9
2024-03-03 21:35:00,123.3,111.5
2024-03-03 21:40:00,119.7,114.8
2024-03-03 21:45:00,122.7,114.3
2024-03-03 21:50:00,121.5,117.7
2024-03-03 21:55:00,128.8,124.2
2024-03-03 22:00:00,125.4,117.0
2024-03-03 22:05:00,126.2,118.4
2024-03-03 22:10:00,118.8,
2024-03-03 22:15:00,129.0,122.1
2024-03-03 22:20:00,133.5,119.5
2024-03-03 22:25:00,125.6,116.7
2024-03-03 22:30:00,133.1,126.2
2024-03-03 22:35:00,127.0,123.1
2024-03-03 22:40:00,126.3,125.6
2024-03-03 22:45:00,127.4,122.4
2024-03-03 22:50:00,133.2,123.0
2024-03-03 22:55:00,131.0,124.8
2024-03-03 23:00:00,142.0,125.4
2024-03-03 23:05:00,135.8,123.8
2024-03-03 23:10:00,133.2,125.0
2024-03-03 23:15:00,142.7,126.1
2024-03-03 23:20:00,141.8,132.5
2024-03-03 23:25:00,141.6,123.3
2024-03-03 23:30:00,143.3,134.7
2024-03-03 23:35:00,142.8,132.3
2024-03-03 23:40:00,150.9,136.6
2024-03-03 23:45:00,140.7,130.7
2024-03-03 23:50:00,143.9,131.6
2024-03-03 23:55:00,,134.6
2024-03-04 00:00:00,144.7,141.6
2024-03-04 00:05:00,145.8,145.4
2024-03-04 00:10:00,151.3,146.4
2024-03-04 00:15:00,146.0,140.6
2024-03-04 00:20:00,149.0,139.9
2024-03-04 00:25:00,160.9,151.6
2024-03-04 00:30:00,150.1,146.4
2024-03-04 00:35:00,153.9,147.6
2024-03-04 00:40:00,159.5,142.7
2024-03-04 00:45:00,156.4,146.7
2024-03-04 00:50:00,160.7,150.4
2024-03-04 00:55:00,158.6,142.3
2024-03-04 01:00:00,157.4,149.2
2024-03-04 01:05:00,162.9,153.4
2024-03-04 01:10:00,162.0,157.7
2024-03-04 01:15:00,163.2,153.4
2024-03-04 01:20:00,167.5,152.0
2024-03-04 01:25:00,167.7,155.6
2024-03-04 01:30:00,163.1,158.8
2024-03-04 01:35:00,163.8,163.8
2024-03-04 01:40:00,170.3,158.6
2024-03-04 01:45:00,171.1,153.6
2024-03-04 01:50:00,176.2,165.4
2024-03-04 01:55:00,171.3,165.7
2024-03-04 02:00:00,177.7,162.3
2024-03-04 02:05:00,180.9,166.2
2024-03-04 02:10:00,184.1,166.8
2024-03-04 02:15:00,179.2,171.7
2024-03-04 02:20:00,183.7,168.5
2024-03-04 02:25:00,180.0,172.0
2024-03-04 02:30:00,182.7,164.7
2024-03-04 02:35:00,178.4,175.7
2024-03-04 02:40:00,189.2,177.9
2024-03-04 02:45:00,182.7,178.5
2024-03-04 02:50:00,184.6,177.4
2024-03-04 02:55:00,186.5,182.7
2024-03-04 03:00:00,195.8,187.2
2024-03-04 03:05:00,184.9,181.2
2024-03-04 03:10:00,187.9,181.6
2024-03-04 03:15:00,194.8,178.6
2024-03-04 03:20:00,201.1,186.7
2024-03-04 03:25:00,197.4,183.4
2024-03-04 03:30:00,188.4,185.7
2024-03-04 03:35:00,200.0,183.3
2024-03-04 03:40:00,200.5,191.5
2024-03-04 03:45:00,202.2,186.7
2024-03-04 03:50:00,197.8,194.8
2024-03-04 03:55:00,207.7,195.7
2024-03-04 04:00:00,200.0,200.7
2024-03-04 04:05:00,211.8,198.4
2024-03-04 04:10:00,206.7,196.4
2024-03-04 04:15:00,213.8,199.7
2024-03-04 04:20:00,214.8,203.7
2024-03-04 04:25:00,207.6,196.0
2024-03-04 04:30:00,213.4,192.5
2024-03-04 04:35:00,215.1,200.6
2024-03-04 04:40:00,215.8,205.1
2024-03-04 04:45:00,212.8,201.6
2024-03-04 04:50:00,215.6,206.7
2024-03-04 04:55:00,227.3,201.3
2024-03-04 05:00:00,221.8,207.1
2024-03-04 05:05:00,220.2,212.9
2024-03-04 05:10:00,223.1,200.8
2024-03-04 05:15:00,227.8,203.9
2024-03-04 05:20:00,220.9,210.7
2024-03-04 05:25:00,223.4,217.1
2024-03-04 05:30:00,231.3,217.7
2024-03-04 05:35:00,225.5,215.7
2024-03-04 05:40:00,229.2,203.0
2024-03-04 05:45:00,230.1,218.2
2024-03-04 05:50:00,224.1,213.9
2024-03-04 05:55:00,224.1,214.4
2024-03-04 06:00:00,230.4,219.2
2024-03-04 06:05:00,225.5,214.6
2024-03-04 06:10:00,222.6,220.4
2024-03-04 06:15:00,231.2,216.5
2024-03-04 06:20:00,233.4,218.5
2024-03-04 06:25:00,235.1,220.9
2024-03-04 06:30:00,232.8,215.6
2024-03-04 06:35:00,228.1,218.5
2024-03-04 06:40:00,232.1,227.0
2024-03-04 06:45:00,230.0,223.2
2024-03-04 06:50:00,237.1,226.1
2024-03-04 06:55:00,,228.0
2024-03-04 07:00:00,230.9,224.7
2024-03-04 07:05:00,241.3,222.4
2024-03-04 07:10:00,242.5,222.4
2024-03-04 07:15:00,237.3,218.8
2024-03-04 07:20:00,240.9,227.6
2024-03-04 07:25:00,238.0,223.1
2024-03-04 07:30:00,231.2,221.7
2024-03-04 07:35:00,238.7,221.7
2024-03-04 07:40:00,247.8,215.5
2024-03-04 07:45:00,234.9,220.5
2024-03-04 07:50:00,239.2,229.0
2024-03-04 07:55:00,243.5,222.1
2024-03-04 08:00:00,243.7,228.0
2024-03-04 08:05:00,240.2,222.9
2024-03-04 08:10:00,239.9,223.5
2024-03-04 08:15:00,234.4,231.5
2024-03-04 08:20:00,239.7,226.3
2024-03-04 08:25:00,241.6,233.4
2024-03-04 08:30:00,237.3,231.5
2024-03-04 08:35:00,235.6,224.4
2024-03-04 08:40:00,242.2,220.4
2024-03-04 08:45:00,235.5,228.9
2024-03-04 08:50:00,239.1,222.4
2024-03-04 08:55:00,236.2,225.7
2024-03-04 09:00:00,247.3,225.3
2024-03-04 09:05:00,229.0,228.1
2024-03-04 09:10:00,235.3,225.4
2024-03-04 09:15:00,238.6,223.8
2024-03-04 09:20:00,227.8,215.7
2024-03-04 09:25:00,239.4,221.2
2024-03-04 09:30:00,235.1,222.6
2024-03-04 09:35:00,243.3,219.8
2024-03-04 09:40:00,235.1,223.7
2024-03-04 09:45:00,232.7,223.4
2024-03-04 09:50:00,238.8,219.2
2024-03-04 09:55:00,234.1,230.2
2024-03-04 10:00:00,236.4,222.5
2024-03-04 10:05:00,232.1,217.3
2024-03-04 10:10:00,234.1,221.6
2024-03-04 10:15:00,239.8,217.7
2024-03-04 10:20:00,232.4,217.5
2024-03-04 10:25:00,230.3,211.0
2024-03-04 10:30:00,225.7,209.9
2024-03-04 10:35:00,228.7,222.8
2024-03-04 10:40:00,233.4,217.0
2024-03-04 10:45:00,232.1,212.4
2024-03-04 10:50:00,224.3,218.3
2024-03-04 10:55:00,231.5,211.1
2024-03-04 11:00:00,221.6,
2024-03-04 11:05:00,228.3,207.5
2024-03-04 11:10:00,225.7,212.7
2024-03-04 11:15:00,220.8,216.1
2024-03-04 11:20:00,218.1,213.8
2024-03-04 11:25:00,219.3,209.8
2024-03-04 11:30:00,218.8,208.8
2024-03-04 11:35:00,215.6,202.5
2024-03-04 11:40:00,218.4,204.5
2024-03-04 11:45:00,214.8,197.8
2024-03-04 11:50:00,219.8,202.5
2024-03-04 11:55:00,210.0,198.9
2024-03-04 12:00:00,210.4,196.1
2024-03-04 12:05:00,215.9,195.3
2024-03-04 12:10:00,207.3,204.1
2024-03-04 12:15:00,209.3,198.6
2024-03-04 12:20:00,207.4,191.6
2024-03-04 12:25:00,203.1,193.6
2024-03-04 12:30:00,210.4,196.2
2024-03-04 12:35:00,203.4,191.9
2024-03-04 12:40:00,203.2,192.6
2024-03-04 12:45:00,202.0,185.0
2024-03-04 12:50:00,195.8,195.5
2024-03-04 12:55:00,198.7,184.9
2024-03-04 13:00:00,197.6,187.5
2024-03-04 13:05:00,201.8,190.7
2024-03-04 13:10:00,204.3,185.6
2024-03-04 13:15:00,195.3,185.7
2024-03-04 13:20:00,195.3,187.5
2024-03-04 13:25:00,196.7,176.7
2024-03-04 13:30:00,196.2,179.9
2024-03-04 13:35:00,190.8,182.9
2024-03-04 13:40:00,193.7,177.0
2024-03-04 13:45:00,193.0,183.7
2024-03-04 13:50:00,187.8,177.8
2024-03-04 13:55:00,192.2,171.5
2024-03-04 14:00:00,183.4,173.0
2024-03-04 14:05:00,190.4,174.8
2024-03-04 14:10:00,182.8,166.8
2024-03-04 14:15:00,178.2,174.5
2024-03-04 14:20:00,177.8,176.8
2024-03-04 14:25:00,173.4,170.9
2024-03-04 14:30:00,176.9,161.3
2024-03-04 14:35:00,172.5,166.3
2024-03-04 14:40:00,172.0,164.7
2024-03-04 14:45:00,175.5,165.6
2024-03-04 14:50:00,168.9,157.6
2024-03-04 14:55:00,168.3,159.5
2024-03-04 15:00:00,165.1,155.9
2024-03-04 15:05:00,163.0,151.1
2024-03-04 15:10:00,171.8,158.8
2024-03-04 15:15:00,164.7,160.2
2024-03-04 15:20:00,168.0,152.1
2024-03-04 15:25:00,161.6,153.6
2024-03-04 15:30:00,163.2,148.7
2024-03-04 15:35:00,158.7,156.1
2024-03-04 15:40:00,158.2,149.5
2024-03-04 15:45:00,157.3,142.4
2024-03-04 15:50:00,159.3,147.9
2024-03-04 15:55:00,158.8,141.6
2024-03-04 16:00:00,154.1,140.9
2024-03-04 16:05:00,160.1,142.8
2024-03-04 16:10:00,143.6,146.9
2024-03-04 16:15:00,152.7,142.5
2024-03-04 16:20:00,149.4,140.6
2024-03-04 16:25:00,148.6,134.9
2024-03-04 16:30:00,142.8,138.5
2024-03-04 16:35:00,144.3,133.8
2024-03-04 16:40:00,143.0,132.8
2024-03-04 16:45:00,,137.9
2024-03-04 16:50:00,146.2,133.6
2024-03-04 16:55:00,142.7,135.7
2024-03-04 17:00:00,137.3,130.5
2024-03-04 17:05:00,133.5,134.7
2024-03-04 17:10:00,136.9,129.3
2024-03-04 17:15:00,139.8,127.9
2024-03-04 17:20:00,135.9,131.2
2024-03-04 17:25:00,137.1,127.5
2024-03-04 17:30:00,137.7,124.2
2024-03-04 17:35:00,139.7,122.5
2024-03-04 17:40:00,129.9,122.2
2024-03-04 17:45:00,140.3,121.9
2024-03-04 17:50:00,128.1,121.4
2024-03-04 17:55:00,136.4,125.1
2024-03-04 18:00:00,127.1,118.7
2024-03-04 18:05:00,128.2,121.8
2024-03-04 18:10:00,134.8,124.5
2024-03-04 18:15:00,130.9,119.1
2024-03-04 18:20:00,127.7,119.0
2024-03-04 18:25:00,124.7,117.4
2024-03-04 18:30:00,126.4,122.8
2024-03-04 18:35:00,120.6,115.3
2024-03-04 18:40:00,126.7,123.0
2024-03-04 18:45:00,123.3,118.0
2024-03-04 18:50:00,133.9,109.2
2024-03-04 18:55:00,120.6,116.9
2024-03-04 19:00:00,126.0,108.7
2024-03-04 19:05:00,114.8,115.6
2024-03-04 19:10:00,113.3,115.1
2024-03-04 19:15:00,122.8,109.7
2024-03-04 19:20:00,117.6,118.0
2024-03-04 19:25:00,120.8,115.3
2024-03-04 19:30:00,117.0,116.3
2024-03-04 19:35:00,123.9,116.9
2024-03-04 19:40:00,126.1,118.1
2024-03-04 19:45:00,116.6,106.5
2024-03-04 19:50:00,113.2,113.1
2024-03-04 19:55:00,122.1,115.8
2024-03-04 20:00:00,118.4,108.4
2024-03-04 20:05:00,129.3,116.8
2024-03-04 20:10:00,124.9,107.8
2024-03-04 20:15:00,121.1,112.7
2024-03-04 20:20:00,121.7,116.1
2024-03-04 20:25:00,119.5,116.7
2024-03-04 20:30:00,121.3,115.3
2024-03-04 20:35:00,123.0,108.3
2024-03-04 20:40:00,123.0,112.4
2024-03-04 20:45:00,122.0,110.2
2024-03-04 20:50:00,124.3,115.3
2024-03-04 20:55:00,122.4,114.5
2024-03-04 21:00:00,113.4,113.6
2024-03-04 21:05:00,120.4,116.0
2024-03-04 21:10:00,118.1,112.1
2024-03-04 21:15:00,127.5,112.6
2024-03-04 21:20:00,111.4,115.9
2024-03-04 21:25:00,121.8,114.3
2024-03-04 21:30:00,122.7,112.8
2024-03-04 21:35:00,118.0,112.0
2024-03-04 21:40:00,126.5,121.5
2024-03-04 21:45:00,118.3,115.5
2024-03-04 21:50:00,120.9,117.0
2024-03-04 21:55:00,124.3,115.1
2024-03-04 22:00:00,122.1,115.4
2024-03-04 22:05:00,125.7,119.5
2024-03-04 22:10:00,129.7,118.7
2024-03-04 22:15:00,124.7,116.5
2024-03-04 22:20:00,130.4,118.8
2024-03-04 22:25:00,129.7,121.4
2024-03-04 22:30:00,134.4,119.1
2024-03-04 22:35:00,131.2,125.0
2024-03-04 22:40:00,135.2,121.5
2024-03-04 22:45:00,127.5,118.8
2024-03-04 22:50:00,136.3,119.2
2024-03-04 22:55:00,133.7,125.7
2024-03-04 23:00:00,129.6,126.1
2024-03-04 23:05:00,135.6,125.5
2024-03-04 23:10:00,138.8,133.1
2024-03-04 23:15:00,134.8,128.8
2024-03-04 23:20:00,140.6,133.5
2024-03-04 23:25:00,144.8,129.3
2024-03-04 23:30:00,146.7,139.5
2024-03-04 23:35:00,144.5,131.0
2024-03-04 23:40:00,143.5,136.5
2024-03-04 23:45:00,133.3,134.8
2024-03-04 23:50:00,141.4,138.0
2024-03-04 23:55:00,143.7,136.0
2024-03-05 00:00:00,138.6,135.3
2024-03-05 00:05:00,150.9,139.8
2024-03-05 00:10:00,146.2,143.2
2024-03-05 00:15:00,148.9,137.5
2024-03-05 00:20:00,151.7,144.4
2024-03-05 00:25:00,152.6,144.8
2024-03-05 00:30:00,142.8,143.1
2024-03-05 00:35:00,160.3,146.5
2024-03-05 00:40:00,,145.7
2024-03-05 00:45:00,156.2,149.2
2024-03-05 00:50:00,154.4,148.9
2024-03-05 00:55:00,156.0,149.5
2024-03-05 01:00:00,166.0,148.3
2024-03-05 01:05:00,158.5,148.2
2024-03-05 01:10:00,162.6,155.9
2024-03-05 01:15:00,166.4,153.5
2024-03-05 01:20:00,161.4,157.3
2024-03-05 01:25:00,163.9,154.6
2024-03-05 01:30:00,169.7,162.4
2024-03-05 01:35:00,171.2,163.8
2024-03-05 01:40:00,165.1,154.5
2024-03-05 01:45:00,167.5,164.5
2024-03-05 01:50:00,171.2,159.0
2024-03-05 01:55:00,167.4,155.2
2024-03-05 02:00:00,180.1,164.6
2024-03-05 02:05:00,177.6,166.6
2024-03-05 02:10:00,174.5,169.0
2024-03-05 02:15:00,182.5,176.1
2024-03-05 02:20:00,176.6,169.5
2024-03-05 02:25:00,178.6,169.4
2024-03-05 02:30:00,195.3,174.6
2024-03-05 02:35:00,187.7,175.7
2024-03-05 02:40:00,189.6,173.8
2024-03-05 02:45:00,186.3,171.7
2024-03-05 02:50:00,195.7,171.5
2024-03-05 02:55:00,193.6,180.0
2024-03-05 03:00:00,189.8,179.7
2024-03-05 03:05:00,186.4,176.8
2024-03-05 03:10:00,191.3,181.6
2024-03-05 03:15:00,188.2,180.2
2024-03-05 03:20:00,193.9,182.9
2024-03-05 03:25:00,198.0,187.8
2024-03-05 03:30:00,194.9,197.2
2024-03-05 03:35:00,198.3,188.5
2024-03-05 03:40:00,199.1,191.5
2024-03-05 03:45:00,201.2,184.1
2024-03-05 03:50:00,201.5,188.1
2024-03-05 03:55:00,197.2,190.3
2024-03-05 04:00:00,205.7,187.4
2024-03-05 04:05:00,209.5,191.8
2024-03-05 04:10:00,205.3,199.5
2024-03-05 04:15:00,222.3,206.7
2024-03-05 04:20:00,216.0,199.8
2024-03-05 04:25:00,209.4,199.2
2024-03-05 04:30:00,210.6,198.1
2024-03-05 04:35:00,204.1,199.1
2024-03-05 04:40:00,214.3,204.9
2024-03-05 04:45:00,212.7,195.0
2024-03-05 04:50:00,220.2,196.4
2024-03-05 04:55:00,221.5,202.8
2024-03-05 05:00:00,222.5,198.6
2024-03-05 05:05:00,218.4,211.7
2024-03-05 05:10:00,219.3,209.6
2024-03-05 05:15:00,220.8,209.7
2024-03-05 05:20:00,221.9,206.9
2024-03-05 05:25:00,221.8,216.0
2024-03-05 05:30:00,227.9,212.4
2024-03-05 05:35:00,223.7,216.6
2024-03-05 05:40:00,226.2,213.4
2024-03-05 05:45:00,229.2,207.9
2024-03-05 05:50:00,225.7,212.2
2024-03-05 05:55:00,233.6,217.9
2024-03-05 06:00:00,229.0,219.8
2024-03-05 06:05:00,234.8,213.3
2024-03-05 06:10:00,221.5,216.9
2024-03-05 06:15:00,224.3,218.3
2024-03-05 06:20:00,232.4,210.6
2024-03-05 06:25:00,223.1,215.6
2024-03-05 06:30:00,234.1,220.6
2024-03-05 06:35:00,233.4,222.5
2024-03-05 06:40:00,231.8,221.3
2024-03-05 06:45:00,239.4,219.8
2024-03-05 06:50:00,231.9,225.3
2024-03-05 06:55:00,228.9,224.4
2024-03-05 07:00:00,237.1,220.3
2024-03-05 07:05:00,237.4,220.3
2024-03-05 07:10:00,237.9,220.9
2024-03-05 07:15:00,230.6,218.0
2024-03-05 07:20:00,240.9,225.8
2024-03-05 07:25:00,232.9,232.4
2024-03-05 07:30:00,241.0,224.1
2024-03-05 07:35:00,238.5,231.7
2024-03-05 07:40:00,241.4,222.2
2024-03-05 07:45:00,,221.3
2024-03-05 07:50:00,236.2,229.7
2024-03-05 07:55:00,233.8,220.9
2024-03-05 08:00:00,243.0,225.5
2024-03-05 08:05:00,236.5,227.5
2024-03-05 08:10:00,237.5,228.5
2024-03-05 08:15:00,236.8,228.2
2024-03-05 08:20:00,245.3,225.2
2024-03-05 08:25:00,238.2,223.0
2024-03-05 08:30:00,235.0,226.2
2024-03-05 08:35:00,245.6,222.7
2024-03-05 08:40:00,242.3,230.6
2024-03-05 08:45:00,233.6,222.9
2024-03-05 08:50:00,237.1,220.7
2024-03-05 08:55:00,248.0,222.2
2024-03-05 09:00:00,234.7,222.3
2024-03-05 09:05:00,236.8,221.5
2024-03-05 09:10:00,244.5,231.3
2024-03-05 09:15:00,234.6,219.1
2024-03-05 09:20:00,243.7,219.6
2024-03-05 09:25:00,237.9,224.7
2024-03-05 09:30:00,243.5,215.3
2024-03-05 09:35:00,236.9,224.3
2024-03-05 09:40:00,232.5,221.9
2024-03-05 09:45:00,235.8,222.1
2024-03-05 09:50:00,235.9,221.0
2024-03-05 09:55:00,241.2,218.1
2024-03-05 10:00:00,239.1,218.0
2024-03-05 10:05:00,229.3,220.8
2024-03-05 10:10:00,231.9,212.2
2024-03-05 10:15:00,231.7,217.4
2024-03-05 10:20:00,226.2,221.4
2024-03-05 10:25:00,224.1,
2024-03-05 10:30:00,227.9,218.6
2024-03-05 10:35:00,229.9,209.2
2024-03-05 10:40:00,226.4,210.6
2024-03-05 10:45:00,224.1,207.3
2024-03-05 10:50:00,225.8,217.9
2024-03-05 10:55:00,222.5,215.6
2024-03-05 11:00:00,226.4,212.8
2024-03-05 11:05:00,226.2,212.7
2024-03-05 11:10:00,225.6,205.3
2024-03-05 11:15:00,223.8,210.3
2024-03-05 11:20:00,219.6,213.6
2024-03-05 11:25:00,226.2,201.6
2024-03-05 11:30:00,218.5,207.6
2024-03-05 11:35:00,218.2,197.2
2024-03-05 11:40:00,218.7,209.4
2024-03-05 11:45:00,216.2,207.1
2024-03-05 11:50:00,212.9,205.2
2024-03-05 11:55:00,213.1,202.9
2024-03-05 12:00:00,214.8,199.0
2024-03-05 12:05:00,213.0,206.4
2024-03-05 12:10:00,207.1,194.9
2024-03-05 12:15:00,213.2,193.6
2024-03-05 12:20:00,218.6,199.2
2024-03-05 12:25:00,211.2,203.0
2024-03-05 12:30:00,208.6,192.7
2024-03-05 12:35:00,202.2,192.1
2024-03-05 12:40:00,209.1,196.1
2024-03-05 12:45:00,198.8,193.9
2024-03-05 12:50:00,207.0,195.5
2024-03-05 12:55:00,199.6,191.1
2024-03-05 13:00:00,197.8,186.0
2024-03-05 13:05:00,202.8,189.6
2024-03-05 13:10:00,199.4,188.9
2024-03-05 13:15:00,,181.8
2024-03-05 13:20:00,185.2,178.0
2024-03-05 13:25:00,197.3,184.3
2024-03-05 13:30:00,193.1,186.6
2024-03-05 13:35:00,196.9,180.6
2024-03-05 13:40:00,186.7,182.3
2024-03-05 13:45:00,183.0,183.1
2024-03-05 13:50:00,182.3,179.7
2024-03-05 13:55:00,186.7,179.7
2024-03-05 14:00:00,185.3,
2024-03-05 14:05:00,174.6,166.5
2024-03-05 14:10:00,177.9,169.6
2024-03-05 14:15:00,171.9,174.7
2024-03-05 14:20:00,183.0,166.0
2024-03-05 14:25:00,175.9,170.0
2024-03-05 14:30:00,170.1,177.4
2024-03-05 14:35:00,176.6,157.2
2024-03-05 14:40:00,171.9,165.4
2024-03-05 14:45:00,172.5,163.8
2024-03-05 14:50:00,171.4,163.3
2024-03-05 14:55:00,168.9,160.6
2024-03-05 15:00:00,169.4,162.7
2024-03-05 15:05:00,169.9,151.5
2024-03-05 15:10:00,166.0,155.1
2024-03-05 15:15:00,168.2,153.5
2024-03-05 15:20:00,164.2,154.6
2024-03-05 15:25:00,163.4,159.2
2024-03-05 15:30:00,162.2,157.4
2024-03-05 15:35:00,160.1,152.0
2024-03-05 15:40:00,155.6,149.9
2024-03-05 15:45:00,163.1,149.7
2024-03-05 15:50:00,147.7,
2024-03-05 15:55:00,153.4,151.6
2024-03-05 16:00:00,157.4,146.3
2024-03-05 16:05:00,154.1,145.3
2024-03-05 16:10:00,158.8,144.7
2024-03-05 16:15:00,143.8,150.1
2024-03-05 16:20:00,149.5,140.6
2024-03-05 16:25:00,152.0,134.2
2024-03-05 16:30:00,146.2,137.0
2024-03-05 16:35:00,148.9,143.0
2024-03-05 16:40:00,140.8,134.2
2024-03-05 16:45:00,137.6,139.6
2024-03-05 16:50:00,144.9,137.1
2024-03-05 16:55:00,147.0,133.9
2024-03-05 17:00:00,140.6,132.3
2024-03-05 17:05:00,136.0,134.8
2024-03-05 17:10:00,137.9,129.5
2024-03-05 17:15:00,131.2,124.7
2024-03-05 17:20:00,142.2,129.4
2024-03-05 17:25:00,139.0,130.2
2024-03-05 17:30:00,137.4,125.5
2024-03-05 17:35:00,131.4,131.4
2024-03-05 17:40:00,133.7,126.2
2024-03-05 17:45:00,134.5,115.7
2024-03-05 17:50:00,126.2,
2024-03-05 17:55:00,137.4,126.1
2024-03-05 18:00:00,127.5,116.0
2024-03-05 18:05:00,127.4,122.6
2024-03-05 18:10:00,133.3,125.8
2024-03-05 18:15:00,132.0,123.3
2024-03-05 18:20:00,124.7,119.2
2024-03-05 18:25:00,120.7,110.9
2024-03-05 18:30:00,123.5,113.6
2024-03-05 18:35:00,124.9,116.2
2024-03-05 18:40:00,124.0,122.1
2024-03-05 18:45:00,126.4,113.5
2024-03-05 18:50:00,121.0,117.3
2024-03-05 18:55:00,,119.3
2024-03-05 19:00:00,125.9,118.4
2024-03-05 19:05:00,121.8,120.3
2024-03-05 19:10:00,121.8,104.9
2024-03-05 19:15:00,117.9,113.5
2024-03-05 19:20:00,119.3,121.2
2024-03-05 19:25:00,118.5,114.0
2024-03-05 19:30:00,113.3,119.4
2024-03-05 19:35:00,119.9,112.2
2024-03-05 19:40:00,116.2,114.6
2024-03-05 19:45:00,117.5,113.5
2024-03-05 19:50:00,121.6,109.6
2024-03-05 19:55:00,123.1,113.2
2024-03-05 20:00:00,116.2,113.6
2024-03-05 20:05:00,118.7,115.9
2024-03-05 20:10:00,121.3,107.5
2024-03-05 20:15:00,119.6,110.6
2024-03-05 20:20:00,124.1,113.4
2024-03-05 20:25:00,124.1,113.7
2024-03-05 20:30:00,117.0,112.7
2024-03-05 20:35:00,122.7,113.8
2024-03-05 20:40:00,114.2,111.7
2024-03-05 20:45:00,119.4,112.8
2024-03-05 20:50:00,129.3,108.5
2024-03-05 20:55:00,122.0,116.3
2024-03-05 21:00:00,122.5,111.9
2024-03-05 21:05:00,119.5,115.5
2024-03-05 21:10:00,123.9,115.8
2024-03-05 21:15:00,122.0,115.6
2024-03-05 21:20:00,120.0,110.3
2024-03-05 21:25:00,123.3,111.0
2024-03-05 21:30:00,119.7,121.1
2024-03-05 21:35:00,124.0,117.2
2024-03-05 21:40:00,,113.9
2024-03-05 21:45:00,122.2,117.0
2024-03-05 21:50:00,124.8,115.5
2024-03-05 21:55:00,122.2,114.1
2024-03-05 22:00:00,125.6,115.3
2024-03-05 22:05:00,125.8,118.9
2024-03-05 22:10:00,123.8,112.0
2024-03-05 22:15:00,127.8,123.6
2024-03-05 22:20:00,125.4,123.3
2024-03-05 22:25:00,133.0,125.7
2024-03-05 22:30:00,127.8,122.1
2024-03-05 22:35:00,124.4,126.7
2024-03-05 22:40:00,137.4,121.0
2024-03-05 22:45:00,135.0,118.2
2024-03-05 22:50:00,135.7,126.0
2024-03-05 22:55:00,133.2,128.3
2024-03-05 23:00:00,143.8,124.1
2024-03-05 23:05:00,134.1,130.8
2024-03-05 23:10:00,139.8,122.0
2024-03-05 23:15:00,136.4,124.8
2024-03-05 23:20:00,144.1,132.9
2024-03-05 23:25:00,138.4,132.6
2024-03-05 23:30:00,140.4,125.3
2024-03-05 23:35:00,140.6,130.4
2024-03-05 23:40:00,146.8,130.7
2024-03-05 23:45:00,138.4,140.7
2024-03-05 23:50:00,140.8,135.7
2024-03-05 23:55:00,146.2,135.3
2024-03-06 00:00:00,152.0,138.7
2024-03-06 00:05:00,148.3,136.8
2024-03-06 00:10:00,147.6,137.4
2024-03-06 00:15:00,145.2,142.6
2024-03-06 00:20:00,145.3,136.9
2024-03-06 00:25:00,143.5,139.9
2024-03-06 00:30:00,150.4,144.1
2024-03-06 00:35:00,154.3,143.2
2024-03-06 00:40:00,162.3,143.2
2024-03-06 00:45:00,154.1,144.5
2024-03-06 00:50:00,154.8,153.9
2024-03-06 00:55:00,161.0,150.4
2024-03-06 01:00:00,158.6,154.0
2024-03-06 01:05:00,159.3,151.3
2024-03-06 01:10:00,163.1,158.0
2024-03-06 01:15:00,153.3,148.0
2024-03-06 01:20:00,166.1,151.7
2024-03-06 01:25:00,166.4,153.2
2024-03-06 01:30:00,166.5,156.5
2024-03-06 01:35:00,164.4,161.9
2024-03-06 01:40:00,168.6,158.2
2024-03-06 01:45:00,168.5,169.1
2024-03-06 01:50:00,173.3,160.8
2024-03-06 01:55:00,176.8,162.0
2024-03-06 02:00:00,174.6,161.2
2024-03-06 02:05:00,,165.3
2024-03-06 02:10:00,175.5,166.5
2024-03-06 02:15:00,172.1,175.1
2024-03-06 02:20:00,184.5,171.3
2024-03-06 02:25:00,185.8,173.0
2024-03-06 02:30:00,186.1,170.0
2024-03-06 02:35:00,182.6,176.9
2024-03-06 02:40:00,185.8,181.5
2024-03-06 02:45:00,189.2,174.8
2024-03-06 02:50:00,184.1,177.2
2024-03-06 02:55:00,195.9,174.8
2024-03-06 03:00:00,191.6,175.5
2024-03-06 03:05:00,192.2,173.6
2024-03-06 03:10:00,191.1,181.4
2024-03-06 03:15:00,188.4,176.9
2024-03-06 03:20:00,197.6,186.5
2024-03-06 03:25:00,199.7,183.9
2024-03-06 03:30:00,198.3,184.9
2024-03-06 03:35:00,202.0,184.9
2024-03-06 03:40:00,194.8,192.4
2024-03-06 03:45:00,207.7,191.5
2024-03-06 03:50:00,203.7,193.0
2024-03-06 03:55:00,206.8,196.4
2024-03-06 04:00:00,203.9,189.8
2024-03-06 04:05:00,206.5,188.0
2024-03-06 04:10:00,202.5,194.1
2024-03-06 04:15:00,212.5,196.5
2024-03-06 04:20:00,210.9,201.1
2024-03-06 04:25:00,215.3,202.5
2024-03-06 04:30:00,206.4,198.3
2024-03-06 04:35:00,212.3,199.7
2024-03-06 04:40:00,218.2,203.1
2024-03-06 04:45:00,219.3,201.8
2024-03-06 04:50:00,209.8,208.2
2024-03-06 04:55:00,219.3,205.8
2024-03-06 05:00:00,221.9,208.9
2024-03-06 05:05:00,223.9,194.6
2024-03-06 05:10:00,216.9,206.3
2024-03-06 05:15:00,220.3,206.9
2024-03-06 05:20:00,228.7,216.7
2024-03-06 05:25:00,223.3,209.5
2024-03-06 05:30:00,221.6,210.5
2024-03-06 05:35:00,222.6,214.0
2024-03-06 05:40:00,224.1,209.0
2024-03-06 05:45:00,226.2,216.7
2024-03-06 05:50:00,225.4,211.3
2024-03-06 05:55:00,232.9,217.4
2024-03-06 06:00:00,230.8,207.0
2024-03-06 06:05:00,232.9,214.7
2024-03-06 06:10:00,231.3,215.1
2024-03-06 06:15:00,230.7,219.4
2024-03-06 06:20:00,230.1,217.3
2024-03-06 06:25:00,230.1,217.0
2024-03-06 06:30:00,230.0,221.1
2024-03-06 06:35:00,232.3,218.9
2024-03-06 06:40:00,239.0,221.3
2024-03-06 06:45:00,246.5,214.4
2024-03-06 06:50:00,241.6,223.9
2024-03-06 06:55:00,237.8,228.4
2024-03-06 07:00:00,233.5,214.6
2024-03-06 07:05:00,238.3,218.9
2024-03-06 07:10:00,238.1,228.7
2024-03-06 07:15:00,233.3,
2024-03-06 07:20:00,242.8,224.2
2024-03-06 07:25:00,247.5,221.2
2024-03-06 07:30:00,235.2,228.4
2024-03-06 07:35:00,236.2,227.0
2024-03-06 07:40:00,239.7,225.4
2024-03-06 07:45:00,244.5,229.2
2024-03-06 07:50:00,235.0,227.2
2024-03-06 07:55:00,238.7,229.8
2024-03-06 08:00:00,236.2,227.2
2024-03-06 08:05:00,246.1,221.0
2024-03-06 08:10:00,236.3,223.6
2024-03-06 08:15:00,242.5,224.6
2024-03-06 08:20:00,232.1,223.1
2024-03-06 08:25:00,237.9,225.3
2024-03-06 08:30:00,237.0,230.9
2024-03-06 08:35:00,245.3,224.0
2024-03-06 08:40:00,244.6,227.4
2024-03-06 08:45:00,241.8,233.9
2024-03-06 08:50:00,238.7,225.7
2024-03-06 08:55:00,239.2,228.1
2024-03-06 09:00:00,,229.4
2024-03-06 09:05:00,244.9,222.5
2024-03-06 09:10:00,240.0,227.4
2024-03-06 09:15:00,241.4,220.8
2024-03-06 09:20:00,232.5,224.4
2024-03-06 09:25:00,233.8,225.4
2024-03-06 09:30:00,229.6,219.1
2024-03-06 09:35:00,241.1,230.5
2024-03-06 09:40:00,236.3,220.2
2024-03-06 09:45:00,231.1,221.0
2024-03-06 09:50:00,228.2,219.3
2024-03-06 09:55:00,237.4,222.1
2024-03-06 10:00:00,234.4,216.2
2024-03-06 10:05:00,231.4,219.0
2024-03-06 10:10:00,224.3,218.9
2024-03-06 10:15:00,224.3,218.4
2024-03-06 10:20:00,232.0,217.9
2024-03-06 10:25:00,227.3,217.4
2024-03-06 10:30:00,231.9,219.2
2024-03-06 10:35:00,230.1,218.5
2024-03-06 10:40:00,235.8,211.0
2024-03-06 10:45:00,220.2,219.5
2024-03-06 10:50:00,221.1,212.3
2024-03-06 10:55:00,224.5,210.2
2024-03-06 11:00:00,220.0,216.5
2024-03-06 11:05:00,227.5,209.9
2024-03-06 11:10:00,217.1,210.2
2024-03-06 11:15:00,221.2,211.9
2024-03-06 11:20:00,222.0,200.5
2024-03-06 11:25:00,225.6,209.4
2024-03-06 11:30:00,218.4,214.4
2024-03-06 11:35:00,225.4,207.6
2024-03-06 11:40:00,215.7,207.2
2024-03-06 11:45:00,219.3,205.1
2024-03-06 11:50:00,215.1,205.1
2024-03-06 11:55:00,213.7,199.9
2024-03-06 12:00:00,216.5,203.7
2024-03-06 12:05:00,207.1,199.8
2024-03-06 12:10:00,210.9,202.0
2024-03-06 12:15:00,209.8,194.7
2024-03-06 12:20:00,198.4,195.8
2024-03-06 12:25:00,211.1,194.3
2024-03-06 12:30:00,213.4,200.9
2024-03-06 12:35:00,204.2,191.5
2024-03-06 12:40:00,203.0,193.6
2024-03-06 12:45:00,206.9,192.9
2024-03-06 12:50:00,199.7,193.6
2024-03-06 12:55:00,204.8,194.0
2024-03-06 13:00:00,201.5,185.2
2024-03-06 13:05:00,202.3,185.2
2024-03-06 13:10:00,195.7,183.3
2024-03-06 13:15:00,,182.4
2024-03-06 13:20:00,187.7,179.4
2024-03-06 13:25:00,191.9,177.8
2024-03-06 13:30:00,194.9,182.8
2024-03-06 13:35:00,183.1,179.0
2024-03-06 13:40:00,187.8,180.9
2024-03-06 13:45:00,180.4,180.8
2024-03-06 13:50:00,187.4,174.5
2024-03-06 13:55:00,185.1,173.4
2024-03-06 14:00:00,177.6,171.4
2024-03-06 14:05:00,186.9,173.5
2024-03-06 14:10:00,190.0,167.3
2024-03-06 14:15:00,182.8,171.7
2024-03-06 14:20:00,167.2,169.9
2024-03-06 14:25:00,180.9,
2024-03-06 14:30:00,175.3,
2024-03-06 14:35:00,177.9,164.4
2024-03-06 14:40:00,173.2,161.2
2024-03-06 14:45:00,165.4,168.9
2024-03-06 14:50:00,173.2,162.8
2024-03-06 14:55:00,169.3,159.7
2024-03-06 15:00:00,165.1,161.2
2024-03-06 15:05:00,163.7,158.1
2024-03-06 15:10:00,173.1,150.1
2024-03-06 15:15:00,,150.2
2024-03-06 15:20:00,166.8,161.0
2024-03-06 15:25:00,162.1,156.1
2024-03-06 15:30:00,167.4,153.2
2024-03-06 15:35:00,161.1,157.8
2024-03-06 15:40:00,162.8,147.5
2024-03-06 15:45:00,155.7,149.1
2024-03-06 15:50:00,156.9,149.3
2024-03-06 15:55:00,151.8,147.5
2024-03-06 16:00:00,156.1,136.5
2024-03-06 16:05:00,150.6,143.2
2024-03-06 16:10:00,152.4,148.3
2024-03-06 16:15:00,144.1,143.3
2024-03-06 16:20:00,145.0,140.4
2024-03-06 16:25:00,145.9,147.8
2024-03-06 16:30:00,151.8,133.3
2024-03-06 16:35:00,146.0,136.5
2024-03-06 16:40:00,142.0,140.9
2024-03-06 16:45:00,137.9,132.3
2024-03-06 16:50:00,145.5,134.6
2024-03-06 16:55:00,152.2,125.3
2024-03-06 17:00:00,145.7,129.7
2024-03-06 17:05:00,137.6,133.9
2024-03-06 17:10:00,140.3,
2024-03-06 17:15:00,141.2,131.3
2024-03-06 17:20:00,141.6,127.2
2024-03-06 17:25:00,135.5,129.0
2024-03-06 17:30:00,142.0,126.7
2024-03-06 17:35:00,130.2,129.8
2024-03-06 17:40:00,129.4,122.9
2024-03-06 17:45:00,129.9,128.4
2024-03-06 17:50:00,128.8,122.8
2024-03-06 17:55:00,137.3,120.9
2024-03-06 18:00:00,124.9,123.3
2024-03-06 18:05:00,128.3,121.5
2024-03-06 18:10:00,132.0,120.2
2024-03-06 18:15:00,124.2,118.3
2024-03-06 18:20:00,127.2,119.2
2024-03-06 18:25:00,126.4,118.2
2024-03-06 18:30:00,128.9,114.1
2024-03-06 18:35:00,129.2,116.5
2024-03-06 18:40:00,124.3,117.4
2024-03-06 18:45:00,123.8,114.9
2024-03-06 18:50:00,121.4,116.7
2024-03-06 18:55:00,123.0,118.6
2024-03-06 19:00:00,120.0,112.8
2024-03-06 19:05:00,125.3,120.7
2024-03-06 19:10:00,117.2,112.4
2024-03-06 19:15:00,118.3,118.8
2024-03-06 19:20:00,120.2,111.8
2024-03-06 19:25:00,117.7,109.2
2024-03-06 19:30:00,122.9,116.1
2024-03-06 19:35:00,118.3,109.8
2024-03-06 19:40:00,118.4,113.1
2024-03-06 19:45:00,118.8,110.1
2024-03-06 19:50:00,124.2,114.4
2024-03-06 19:55:00,124.4,105.0
2024-03-06 20:00:00,126.7,109.5
2024-03-06 20:05:00,116.3,109.1
2024-03-06 20:10:00,120.9,114.3
2024-03-06 20:15:00,119.4,107.3
2024-03-06 20:20:00,115.4,110.9
2024-03-06 20:25:00,120.7,107.7
2024-03-06 20:30:00,122.2,109.6
2024-03-06 20:35:00,121.6,113.4
2024-03-06 20:40:00,119.0,118.6
2024-03-06 20:45:00,126.8,111.2
2024-03-06 20:50:00,118.1,115.3
2024-03-06 20:55:00,119.3,108.1
2024-03-06 21:00:00,115.1,112.8
2024-03-06 21:05:00,117.4,113.9
2024-03-06 21:10:00,127.7,116.4
2024-03-06 21:15:00,115.4,112.6
2024-03-06 21:20:00,127.4,115.8
2024-03-06 21:25:00,123.3,115.1
2024-03-06 21:30:00,129.5,118.2
2024-03-06 21:35:00,125.6,125.9
2024-03-06 21:40:00,124.5,119.0
2024-03-06 21:45:00,123.0,118.5
2024-03-06 21:50:00,132.1,121.6
2024-03-06 21:55:00,122.4,117.5
2024-03-06 22:00:00,122.8,118.4
2024-03-06 22:05:00,126.1,120.6
2024-03-06 22:10:00,129.7,124.3
2024-03-06 22:15:00,129.9,118.4
2024-03-06 22:20:00,128.0,119.9
2024-03-06 22:25:00,127.3,126.0
2024-03-06 22:30:00,133.1,116.5
2024-03-06 22:35:00,138.5,121.2
2024-03-06 22:40:00,124.8,126.6
2024-03-06 22:45:00,131.5,121.5
2024-03-06 22:50:00,131.0,118.5
2024-03-06 22:55:00,127.4,128.6
2024-03-06 23:00:00,129.5,129.1
2024-03-06 23:05:00,131.7,133.1
2024-03-06 23:10:00,136.0,126.1
2024-03-06 23:15:00,139.5,127.3
2024-03-06 23:20:00,146.7,124.6
2024-03-06 23:25:00,137.7,134.4
2024-03-06 23:30:00,147.7,134.0
2024-03-06 23:35:00,138.9,128.5
2024-03-06 23:40:00,147.1,132.6
2024-03-06 23:45:00,142.1,131.3
2024-03-06 23:50:00,141.1,143.6
2024-03-06 23:55:00,152.9,143.1
2024-03-07 00:00:00,144.6,132.5
2024-03-07 00:05:00,148.4,137.8
2024-03-07 00:10:00,152.0,140.1
2024-03-07 00:15:00,152.2,137.6
2024-03-07 00:20:00,141.9,139.4
2024-03-07 00:25:00,150.2,138.0
2024-03-07 00:30:00,143.9,134.6
2024-03-07 00:35:00,153.1,147.1
2024-03-07 00:40:00,150.1,146.1
2024-03-07 00:45:00,152.3,143.9
2024-03-07 00:50:00,156.7,142.8
2024-03-07 00:55:00,157.5,152.9
2024-03-07 01:00:00,160.1,152.9
2024-03-07 01:05:00,158.4,149.2
2024-03-07 01:10:00,173.0,154.0
2024-03-07 01:15:00,154.0,157.7
2024-03-07 01:20:00,169.2,161.1
2024-03-07 01:25:00,169.2,159.0
2024-03-07 01:30:00,169.8,157.3
2024-03-07 01:35:00,172.5,152.6
2024-03-07 01:40:00,173.3,163.0
2024-03-07 01:45:00,171.9,158.8
2024-03-07 01:50:00,163.1,158.4
2024-03-07 01:55:00,176.0,159.3
2024-03-07 02:00:00,174.6,163.4
2024-03-07 02:05:00,175.1,170.7
2024-03-07 02:10:00,179.8,167.5
2024-03-07 02:15:00,175.3,166.2
2024-03-07 02:20:00,190.0,163.8
2024-03-07 02:25:00,176.2,169.7
2024-03-07 02:30:00,180.6,171.7
2024-03-07 02:35:00,182.2,173.4
2024-03-07 02:40:00,189.7,176.8
2024-03-07 02:45:00,190.0,183.5
2024-03-07 02:50:00,191.5,175.0
2024-03-07 02:55:00,193.6,181.6
2024-03-07 03:00:00,198.3,177.3
2024-03-07 03:05:00,191.7,177.3
2024-03-07 03:10:00,195.8,181.3
2024-03-07 03:15:00,193.2,180.0
2024-03-07 03:20:00,196.2,184.0
2024-03-07 03:25:00,190.8,190.1
2024-03-07 03:30:00,194.9,191.2
2024-03-07 03:35:00,200.7,194.9
2024-03-07 03:40:00,196.7,191.7
2024-03-07 03:45:00,195.8,193.0
2024-03-07 03:50:00,209.3,193.1
2024-03-07 03:55:00,204.6,190.2
2024-03-07 04:00:00,206.4,192.5
2024-03-07 04:05:00,204.0,194.0
2024-03-07 04:10:00,213.0,196.0
2024-03-07 04:15:00,204.6,198.2
2024-03-07 04:20:00,207.6,194.8
2024-03-07 04:25:00,216.0,199.5
2024-03-07 04:30:00,215.9,200.8
2024-03-07 04:35:00,213.7,204.9
2024-03-07 04:40:00,215.4,201.9
2024-03-07 04:45:00,218.0,200.8
2024-03-07 04:50:00,220.7,203.3
2024-03-07 04:55:00,220.6,200.8
2024-03-07 05:00:00,217.2,207.6
2024-03-07 05:05:00,216.4,209.4
2024-03-07 05:10:00,217.7,200.9
2024-03-07 05:15:00,220.7,204.3
2024-03-07 05:20:00,218.6,210.6
2024-03-07 05:25:00,224.0,212.1
2024-03-07 05:30:00,227.5,210.4
2024-03-07 05:35:00,225.5,208.1
2024-03-07 05:40:00,225.5,217.7
2024-03-07 05:45:00,226.6,217.7
2024-03-07 05:50:00,233.4,211.6
2024-03-07 05:55:00,222.4,211.8
2024-03-07 06:00:00,226.1,212.1
2024-03-07 06:05:00,226.0,217.3
2024-03-07 06:10:00,224.1,216.6
2024-03-07 06:15:00,241.5,219.0
2024-03-07 06:20:00,237.9,215.4
2024-03-07 06:25:00,231.9,224.2
2024-03-07 06:30:00,238.1,222.0
2024-03-07 06:35:00,235.5,219.6
2024-03-07 06:40:00,236.1,222.6
2024-03-07 06:45:00,228.5,221.0
2024-03-07 06:50:00,237.5,221.9
2024-03-07 06:55:00,241.1,222.4
2024-03-07 07:00:00,235.9,227.0
2024-03-07 07:05:00,235.0,218.5
2024-03-07 07:10:00,234.1,222.9
2024-03-07 07:15:00,234.7,218.6
2024-03-07 07:20:00,237.7,228.4
2024-03-07 07:25:00,239.1,224.5
2024-03-07 07:30:00,245.2,223.0
2024-03-07 07:35:00,240.2,228.0
2024-03-07 07:40:00,228.2,223.8
2024-03-07 07:45:00,237.2,228.5
2024-03-07 07:50:00,237.7,224.4
2024-03-07 07:55:00,248.3,230.2
2024-03-07 08:00:00,237.5,224.1
2024-03-07 08:05:00,240.4,231.5
2024-03-07 08:10:00,238.0,224.9
2024-03-07 08:15:00,243.9,223.7
2024-03-07 08:20:00,242.2,223.9
2024-03-07 08:25:00,241.9,221.4
2024-03-07 08:30:00,249.4,228.3
2024-03-07 08:35:00,238.8,224.0
2024-03-07 08:40:00,231.6,219.7
2024-03-07 08:45:00,237.1,222.5
2024-03-07 08:50:00,228.7,226.7
2024-03-07 08:55:00,238.4,225.3
2024-03-07 09:00:00,239.6,221.9
2024-03-07 09:05:00,235.3,220.6
2024-03-07 09:10:00,238.3,217.0
2024-03-07 09:15:00,240.3,223.4
2024-03-07 09:20:00,238.1,227.4
2024-03-07 09:25:00,233.7,221.6
2024-03-07 09:30:00,242.6,229.6
2024-03-07 09:35:00,238.2,222.2
2024-03-07 09:40:00,236.3,226.8
2024-03-07 09:45:00,227.9,221.9
2024-03-07 09:50:00,238.1,219.7
2024-03-07 09:55:00,231.0,221.0
2024-03-07 10:00:00,237.5,220.9
2024-03-07 10:05:00,230.1,216.3
2024-03-07 10:10:00,233.8,218.9
2024-03-07 10:15:00,236.2,213.9
2024-03-07 10:20:00,228.0,218.9
2024-03-07 10:25:00,229.9,218.0
2024-03-07 10:30:00,228.1,216.6
2024-03-07 10:35:00,236.2,211.1
2024-03-07 10:40:00,226.6,210.1
2024-03-07 10:45:00,226.6,219.3
2024-03-07 10:50:00,233.4,208.5
2024-03-07 10:55:00,226.1,205.4
2024-03-07 11:00:00,230.6,207.3
2024-03-07 11:05:00,224.8,211.0
2024-03-07 11:10:00,226.0,213.5
2024-03-07 11:15:00,220.5,210.6
2024-03-07 11:20:00,225.1,205.5
2024-03-07 11:25:00,226.0,205.5
2024-03-07 11:30:00,220.9,205.1
2024-03-07 11:35:00,217.2,203.5
2024-03-07 11:40:00,214.5,202.2
2024-03-07 11:45:00,221.6,205.9
2024-03-07 11:50:00,214.1,206.9
2024-03-07 11:55:00,213.7,208.1
2024-03-07 12:00:00,214.7,197.1
2024-03-07 12:05:00,219.3,202.4
2024-03-07 12:10:00,214.7,203.8
2024-03-07 12:15:00,204.0,196.1
2024-03-07 12:20:00,213.0,196.2
2024-03-07 12:25:00,206.3,192.6
2024-03-07 12:30:00,205.5,193.6
2024-03-07 12:35:00,202.6,198.2
2024-03-07 12:40:00,206.1,195.3
2024-03-07 12:45:00,198.3,193.6
2024-03-07 12:50:00,205.4,191.6
2024-03-07 12:55:00,207.4,190.4
2024-03-07 13:00:00,202.7,189.1
2024-03-07 13:05:00,203.2,190.6
2024-03-07 13:10:00,197.4,192.6
2024-03-07 13:15:00,194.2,178.9
2024-03-07 13:20:00,197.0,182.7
2024-03-07 13:25:00,194.2,181.7
2024-03-07 13:30:00,191.5,178.8
2024-03-07 13:35:00,190.8,184.6
2024-03-07 13:40:00,190.3,177.4
2024-03-07 13:45:00,197.5,178.2
2024-03-07 13:50:00,185.4,174.1
2024-03-07 13:55:00,187.9,171.6
2024-03-07 14:00:00,193.5,180.6
2024-03-07 14:05:00,186.6,164.7
2024-03-07 14:10:00,176.0,174.8
2024-03-07 14:15:00,187.2,165.5
2024-03-07 14:20:00,179.4,166.8
2024-03-07 14:25:00,174.4,167.3
2024-03-07 14:30:00,176.5,163.4
2024-03-07 14:35:00,177.6,160.4
2024-03-07 14:40:00,178.0,168.0
2024-03-07 14:45:00,171.8,155.5
2024-03-07 14:50:00,176.1,160.8
2024-03-07 14:55:00,169.2,164.8
2024-03-07 15:00:00,165.1,163.5
2024-03-07 15:05:00,163.6,162.3
2024-03-07 15:10:00,164.2,157.6
2024-03-07 15:15:00,168.2,157.5
2024-03-07 15:20:00,166.3,156.1
2024-03-07 15:25:00,160.7,157.7
2024-03-07 15:30:00,169.3,149.6
2024-03-07 15:35:00,166.5,155.9
2024-03-07 15:40:00,155.9,149.4
2024-03-07 15:45:00,154.4,148.5
2024-03-07 15:50:00,162.6,146.5
2024-03-07 15:55:00,157.6,145.8
2024-03-07 16:00:00,156.1,140.3
2024-03-07 16:05:00,,144.4
2024-03-07 16:10:00,153.3,143.1
2024-03-07 16:15:00,150.6,136.1
2024-03-07 16:20:00,150.1,143.8
2024-03-07 16:25:00,147.2,140.5
2024-03-07 16:30:00,151.2,142.4
2024-03-07 16:35:00,142.2,143.4
2024-03-07 16:40:00,150.7,134.1
2024-03-07 16:45:00,140.7,139.9
2024-03-07 16:50:00,142.0,128.9
2024-03-07 16:55:00,137.4,129.9
2024-03-07 17:00:00,145.5,127.3
2024-03-07 17:05:00,137.7,131.1
2024-03-07 17:10:00,135.6,135.0
2024-03-07 17:15:00,140.1,128.7
2024-03-07 17:20:00,138.7,127.9
2024-03-07 17:25:00,141.9,129.9
2024-03-07 17:30:00,137.6,126.4
2024-03-07 17:35:00,138.7,127.4
2024-03-07 17:40:00,130.6,119.9
2024-03-07 17:45:00,129.7,123.7
2024-03-07 17:50:00,140.4,124.6
2024-03-07 17:55:00,127.5,122.5
2024-03-07 18:00:00,129.8,122.1
2024-03-07 18:05:00,132.9,114.7
2024-03-07 18:10:00,133.3,115.9
2024-03-07 18:15:00,129.2,121.2
2024-03-07 18:20:00,127.2,117.1
2024-03-07 18:25:00,127.4,110.6
2024-03-07 18:30:00,121.8,115.7
2024-03-07 18:35:00,128.9,118.4
2024-03-07 18:40:00,125.6,114.0
2024-03-07 18:45:00,125.0,124.3
2024-03-07 18:50:00,121.6,118.0
2024-03-07 18:55:00,126.7,115.5
2024-03-07 19:00:00,117.0,117.2
2024-03-07 19:05:00,126.6,116.1
2024-03-07 19:10:00,125.6,107.5
2024-03-07 19:15:00,117.6,116.5
2024-03-07 19:20:00,120.4,115.0
2024-03-07 19:25:00,117.8,119.7
2024-03-07 19:30:00,120.9,112.1
2024-03-07 19:35:00,111.3,121.1
2024-03-07 19:40:00,116.9,110.8
2024-03-07 19:45:00,123.1,111.8
2024-03-07 19:50:00,125.5,105.9
2024-03-07 19:55:00,120.3,112.4
2024-03-07 20:00:00,121.8,106.0
2024-03-07 20:05:00,121.6,113.9
2024-03-07 20:10:00,121.3,116.2
2024-03-07 20:15:00,118.4,111.5
2024-03-07 20:20:00,129.0,112.1
2024-03-07 20:25:00,121.2,117.8
2024-03-07 20:30:00,123.3,115.1
2024-03-07 20:35:00,127.4,112.6
2024-03-07 20:40:00,115.6,113.2
2024-03-07 20:45:00,124.4,110.8
2024-03-07 20:50:00,122.1,112.7
2024-03-07 20:55:00,121.9,116.2
2024-03-07 21:00:00,115.5,106.0
2024-03-07 21:05:00,111.0,119.3
2024-03-07 21:10:00,124.6,113.9
2024-03-07 21:15:00,120.9,117.4
2024-03-07 21:20:00,122.2,113.0
2024-03-07 21:25:00,122.6,119.1
2024-03-07 21:30:00,121.4,117.9
2024-03-07 21:35:00,127.4,112.4
2024-03-07 21:40:00,124.6,112.4
2024-03-07 21:45:00,127.1,118.6
2024-03-07 21:50:00,128.6,119.5
2024-03-07 21:55:00,130.1,117.7
2024-03-07 22:00:00,121.8,114.8
2024-03-07 22:05:00,126.5,111.9
2024-03-07 22:10:00,119.8,107.5
2024-03-07 22:15:00,125.2,121.2
2024-03-07 22:20:00,132.1,122.8
2024-03-07 22:25:00,127.7,126.3
2024-03-07 22:30:00,128.0,125.0
2024-03-07 22:35:00,132.6,119.2
2024-03-07 22:40:00,133.1,128.8
2024-03-07 22:45:00,129.1,125.2
2024-03-07 22:50:00,131.2,119.8
2024-03-07 22:55:00,137.3,123.0
2024-03-07 23:00:00,131.5,127.8
2024-03-07 23:05:00,137.7,120.3
2024-03-07 23:10:00,139.9,132.8
2024-03-07 23:15:00,139.8,126.4
2024-03-07 23:20:00,141.8,132.1
2024-03-07 23:25:00,149.0,123.2
2024-03-07 23:30:00,138.7,134.9
2024-03-07 23:35:00,143.8,130.9
2024-03-07 23:40:00,138.8,128.8
2024-03-07 23:45:00,146.9,134.2
2024-03-07 23:50:00,141.1,133.6
2024-03-07 23:55:00,152.8,138.6
